question_id,chunk_size,top_k,rewrite,recall_at_k,mrr,ndcg_at_k
q01,small,3,off,1.0,1.0,1.0
q01,small,3,on,1.0,1.0,1.0
q01,small,8,off,1.0,1.0,1.0
q01,small,8,on,1.0,1.0,1.0
q01,large,3,off,1.0,1.0,1.0
q01,large,3,on,1.0,1.0,1.0
q01,large,8,off,1.0,1.0,1.0
q01,large,8,on,1.0,1.0,1.0
q02,small,3,off,1.0,1.0,1.0
q02,small,3,on,1.0,1.0,1.0
q02,small,8,off,1.0,1.0,1.0
q02,small,8,on,1.0,1.0,1.0
q02,large,3,off,1.0,1.0,1.0
q02,large,3,on,1.0,1.0,1.0
q02,large,8,off,1.0,1.0,1.0
q02,large,8,on,1.0,1.0,1.0
q03,small,3,off,1.0,1.0,1.0
q03,small,3,on,1.0,1.0,1.0
q03,small,8,off,1.0,1.0,1.0
q03,small,8,on,1.0,1.0,1.0
q03,large,3,off,1.0,1.0,1.0
q03,large,3,on,1.0,1.0,1.0
q03,large,8,off,1.0,1.0,1.0
q03,large,8,on,1.0,1.0,1.0
q04,small,3,off,1.0,1.0,1.0
q04,small,3,on,1.0,1.0,1.0
q04,small,8,off,1.0,1.0,1.0
q04,small,8,on,1.0,1.0,1.0
q04,large,3,off,1.0,1.0,1.0
q04,large,3,on,1.0,1.0,1.0
q04,large,8,off,1.0,1.0,1.0
q04,large,8,on,1.0,1.0,1.0
q05,small,3,off,1.0,1.0,1.0
q05,small,3,on,1.0,1.0,1.0
q05,small,8,off,1.0,1.0,1.0
q05,small,8,on,1.0,1.0,1.0
q05,large,3,off,1.0,1.0,1.0
q05,large,3,on,1.0,1.0,1.0
q05,large,8,off,1.0,1.0,1.0
q05,large,8,on,1.0,1.0,1.0
q06,small,3,off,1.0,1.0,1.0
q06,small,3,on,1.0,1.0,1.0
q06,small,8,off,1.0,1.0,1.0
q06,small,8,on,1.0,1.0,1.0
q06,large,3,off,1.0,1.0,1.0
q06,large,3,on,1.0,1.0,1.0
q06,large,8,off,1.0,1.0,1.0
q06,large,8,on,1.0,1.0,1.0
q07,small,3,off,1.0,0.5,0.6309297535714575
q07,small,3,on,0.0,0.0,0.0
q07,small,8,off,1.0,0.5,0.6309297535714575
q07,small,8,on,0.0,0.0,0.0
q07,large,3,off,1.0,0.5,0.6309297535714575
q07,large,3,on,0.0,0.0,0.0
q07,large,8,off,1.0,0.5,0.6309297535714575
q07,large,8,on,1.0,0.16666666666666666,0.3562071871080222
q08,small,3,off,1.0,1.0,1.0
q08,small,3,on,1.0,1.0,1.0
q08,small,8,off,1.0,1.0,1.0
q08,small,8,on,1.0,1.0,1.0
q08,large,3,off,1.0,1.0,1.0
q08,large,3,on,1.0,1.0,1.0
q08,large,8,off,1.0,1.0,1.0
q08,large,8,on,1.0,1.0,1.0
q09,small,3,off,1.0,0.3333333333333333,0.5
q09,small,3,on,1.0,1.0,1.0
q09,small,8,off,1.0,0.3333333333333333,0.5
q09,small,8,on,1.0,1.0,1.0
q09,large,3,off,1.0,0.5,0.6309297535714575
q09,large,3,on,1.0,1.0,1.0
q09,large,8,off,1.0,0.5,0.6309297535714575
q09,large,8,on,1.0,1.0,1.0
q10,small,3,off,1.0,1.0,1.0
q10,small,3,on,1.0,1.0,1.0
q10,small,8,off,1.0,1.0,1.0
q10,small,8,on,1.0,1.0,1.0
q10,large,3,off,1.0,1.0,1.0
q10,large,3,on,1.0,0.5,0.6309297535714575
q10,large,8,off,1.0,1.0,1.0
q10,large,8,on,1.0,0.5,0.6309297535714575
q11,small,3,off,1.0,1.0,1.0
q11,small,3,on,1.0,1.0,1.0
q11,small,8,off,1.0,1.0,1.0
q11,small,8,on,1.0,1.0,1.0
q11,large,3,off,1.0,1.0,1.0
q11,large,3,on,1.0,1.0,1.0
q11,large,8,off,1.0,1.0,1.0
q11,large,8,on,1.0,1.0,1.0
q12,small,3,off,1.0,1.0,1.0
q12,small,3,on,1.0,1.0,1.0
q12,small,8,off,1.0,1.0,1.0
q12,small,8,on,1.0,1.0,1.0
q12,large,3,off,1.0,1.0,1.0
q12,large,3,on,1.0,1.0,1.0
q12,large,8,off,1.0,1.0,1.0
q12,large,8,on,1.0,1.0,1.0
q13,small,3,off,1.0,0.3333333333333333,0.5
q13,small,3,on,1.0,0.3333333333333333,0.5
q13,small,8,off,1.0,0.3333333333333333,0.5
q13,small,8,on,1.0,0.3333333333333333,0.5
q13,large,3,off,1.0,0.5,0.6309297535714575
q13,large,3,on,1.0,0.5,0.6309297535714575
q13,large,8,off,1.0,0.5,0.6309297535714575
q13,large,8,on,1.0,0.5,0.6309297535714575
q14,small,3,off,1.0,1.0,1.0
q14,small,3,on,1.0,1.0,1.0
q14,small,8,off,1.0,1.0,1.0
q14,small,8,on,1.0,1.0,1.0
q14,large,3,off,1.0,1.0,1.0
q14,large,3,on,1.0,1.0,1.0
q14,large,8,off,1.0,1.0,1.0
q14,large,8,on,1.0,1.0,1.0
q15,small,3,off,1.0,1.0,1.0
q15,small,3,on,0.0,0.0,0.0
q15,small,8,off,1.0,1.0,1.0
q15,small,8,on,0.0,0.0,0.0
q15,large,3,off,1.0,0.5,0.6309297535714575
q15,large,3,on,0.0,0.0,0.0
q15,large,8,off,1.0,0.5,0.6309297535714575
q15,large,8,on,0.0,0.0,0.0
q16,small,3,off,1.0,1.0,1.0
q16,small,3,on,1.0,1.0,1.0
q16,small,8,off,1.0,1.0,1.0
q16,small,8,on,1.0,1.0,1.0
q16,large,3,off,1.0,1.0,1.0
q16,large,3,on,1.0,1.0,1.0
q16,large,8,off,1.0,1.0,1.0
q16,large,8,on,1.0,1.0,1.0
q17,small,3,off,1.0,0.5,0.6309297535714575
q17,small,3,on,1.0,0.5,0.6309297535714575
q17,small,8,off,1.0,0.5,0.6309297535714575
q17,small,8,on,1.0,0.5,0.6309297535714575
q17,large,3,off,1.0,0.5,0.6309297535714575
q17,large,3,on,1.0,0.5,0.6309297535714575
q17,large,8,off,1.0,0.5,0.6309297535714575
q17,large,8,on,1.0,0.5,0.6309297535714575
q18,small,3,off,1.0,1.0,1.0
q18,small,3,on,1.0,1.0,1.0
q18,small,8,off,1.0,1.0,1.0
q18,small,8,on,1.0,1.0,1.0
q18,large,3,off,1.0,1.0,1.0
q18,large,3,on,1.0,1.0,1.0
q18,large,8,off,1.0,1.0,1.0
q18,large,8,on,1.0,1.0,1.0
q19,small,3,off,1.0,1.0,1.0
q19,small,3,on,1.0,1.0,1.0
q19,small,8,off,1.0,1.0,1.0
q19,small,8,on,1.0,1.0,1.0
q19,large,3,off,1.0,1.0,1.0
q19,large,3,on,1.0,1.0,1.0
q19,large,8,off,1.0,1.0,1.0
q19,large,8,on,1.0,1.0,1.0
q20,small,3,off,1.0,1.0,1.0
q20,small,3,on,1.0,1.0,1.0
q20,small,8,off,1.0,1.0,1.0
q20,small,8,on,1.0,1.0,1.0
q20,large,3,off,1.0,1.0,1.0
q20,large,3,on,1.0,1.0,1.0
q20,large,8,off,1.0,1.0,1.0
q20,large,8,on,1.0,1.0,1.0
q21,small,3,off,1.0,0.5,0.6309297535714575
q21,small,3,on,1.0,0.5,0.6309297535714575
q21,small,8,off,1.0,0.5,0.6309297535714575
q21,small,8,on,1.0,0.5,0.6309297535714575
q21,large,3,off,1.0,1.0,1.0
q21,large,3,on,1.0,1.0,1.0
q21,large,8,off,1.0,1.0,1.0
q21,large,8,on,1.0,1.0,1.0
q22,small,3,off,1.0,0.3333333333333333,0.5
q22,small,3,on,0.0,0.0,0.0
q22,small,8,off,1.0,0.3333333333333333,0.5
q22,small,8,on,0.0,0.0,0.0
q22,large,3,off,0.0,0.0,0.0
q22,large,3,on,0.0,0.0,0.0
q22,large,8,off,1.0,0.25,0.43067655807339306
q22,large,8,on,1.0,0.2,0.38685280723454163
q23,small,3,off,1.0,1.0,1.0
q23,small,3,on,1.0,0.3333333333333333,0.5
q23,small,8,off,1.0,1.0,1.0
q23,small,8,on,1.0,0.3333333333333333,0.5
q23,large,3,off,1.0,0.3333333333333333,0.5
q23,large,3,on,0.0,0.0,0.0
q23,large,8,off,1.0,0.3333333333333333,0.5
q23,large,8,on,1.0,0.25,0.43067655807339306
q24,small,3,off,1.0,1.0,1.0
q24,small,3,on,1.0,1.0,1.0
q24,small,8,off,1.0,1.0,1.0
q24,small,8,on,1.0,1.0,1.0
q24,large,3,off,1.0,1.0,1.0
q24,large,3,on,1.0,1.0,1.0
q24,large,8,off,1.0,1.0,1.0
q24,large,8,on,1.0,1.0,1.0
q25,small,3,off,1.0,1.0,1.0
q25,small,3,on,1.0,1.0,1.0
q25,small,8,off,1.0,1.0,1.0
q25,small,8,on,1.0,1.0,1.0
q25,large,3,off,1.0,1.0,1.0
q25,large,3,on,1.0,1.0,1.0
q25,large,8,off,1.0,1.0,1.0
q25,large,8,on,1.0,1.0,1.0
q26,small,3,off,1.0,1.0,1.0
q26,small,3,on,1.0,1.0,1.0
q26,small,8,off,1.0,1.0,1.0
q26,small,8,on,1.0,1.0,1.0
q26,large,3,off,1.0,1.0,1.0
q26,large,3,on,1.0,1.0,1.0
q26,large,8,off,1.0,1.0,1.0
q26,large,8,on,1.0,1.0,1.0
q27,small,3,off,1.0,1.0,1.0
q27,small,3,on,1.0,1.0,1.0
q27,small,8,off,1.0,1.0,1.0
q27,small,8,on,1.0,1.0,1.0
q27,large,3,off,1.0,1.0,1.0
q27,large,3,on,1.0,1.0,1.0
q27,large,8,off,1.0,1.0,1.0
q27,large,8,on,1.0,1.0,1.0
q28,small,3,off,1.0,1.0,1.0
q28,small,3,on,1.0,1.0,1.0
q28,small,8,off,1.0,1.0,1.0
q28,small,8,on,1.0,1.0,1.0
q28,large,3,off,1.0,1.0,1.0
q28,large,3,on,1.0,1.0,1.0
q28,large,8,off,1.0,1.0,1.0
q28,large,8,on,1.0,1.0,1.0
q29,small,3,off,1.0,1.0,1.0
q29,small,3,on,1.0,1.0,1.0
q29,small,8,off,1.0,1.0,1.0
q29,small,8,on,1.0,1.0,1.0
q29,large,3,off,1.0,1.0,1.0
q29,large,3,on,1.0,1.0,1.0
q29,large,8,off,1.0,1.0,1.0
q29,large,8,on,1.0,1.0,1.0
q30,small,3,off,1.0,1.0,1.0
q30,small,3,on,1.0,1.0,1.0
q30,small,8,off,1.0,1.0,1.0
q30,small,8,on,1.0,1.0,1.0
q30,large,3,off,1.0,1.0,1.0
q30,large,3,on,1.0,1.0,1.0
q30,large,8,off,1.0,1.0,1.0
q30,large,8,on,1.0,1.0,1.0
q31,small,3,off,1.0,1.0,1.0
q31,small,3,on,1.0,1.0,1.0
q31,small,8,off,1.0,1.0,1.0
q31,small,8,on,1.0,1.0,1.0
q31,large,3,off,1.0,1.0,1.0
q31,large,3,on,1.0,1.0,1.0
q31,large,8,off,1.0,1.0,1.0
q31,large,8,on,1.0,1.0,1.0
q32,small,3,off,1.0,1.0,1.0
q32,small,3,on,1.0,0.5,0.6309297535714575
q32,small,8,off,1.0,1.0,1.0
q32,small,8,on,1.0,0.5,0.6309297535714575
q32,large,3,off,1.0,1.0,1.0
q32,large,3,on,1.0,1.0,1.0
q32,large,8,off,1.0,1.0,1.0
q32,large,8,on,1.0,1.0,1.0
q33,small,3,off,1.0,1.0,1.0
q33,small,3,on,1.0,1.0,1.0
q33,small,8,off,1.0,1.0,1.0
q33,small,8,on,1.0,1.0,1.0
q33,large,3,off,0.0,0.0,0.0
q33,large,3,on,0.0,0.0,0.0
q33,large,8,off,0.0,0.0,0.0
q33,large,8,on,0.0,0.0,0.0
q34,small,3,off,1.0,1.0,1.0
q34,small,3,on,1.0,1.0,1.0
q34,small,8,off,1.0,1.0,1.0
q34,small,8,on,1.0,1.0,1.0
q34,large,3,off,1.0,1.0,1.0
q34,large,3,on,1.0,1.0,1.0
q34,large,8,off,1.0,1.0,1.0
q34,large,8,on,1.0,1.0,1.0
q35,small,3,off,0.0,0.0,0.0
q35,small,3,on,0.0,0.0,0.0
q35,small,8,off,0.0,0.0,0.0
q35,small,8,on,0.0,0.0,0.0
q35,large,3,off,0.0,0.0,0.0
q35,large,3,on,0.0,0.0,0.0
q35,large,8,off,0.0,0.0,0.0
q35,large,8,on,0.0,0.0,0.0
q36,small,3,off,1.0,1.0,1.0
q36,small,3,on,1.0,1.0,1.0
q36,small,8,off,1.0,1.0,1.0
q36,small,8,on,1.0,1.0,1.0
q36,large,3,off,1.0,0.5,0.6309297535714575
q36,large,3,on,1.0,0.5,0.6309297535714575
q36,large,8,off,1.0,0.5,0.6309297535714575
q36,large,8,on,1.0,0.5,0.6309297535714575
q37,small,3,off,1.0,1.0,1.0
q37,small,3,on,1.0,1.0,1.0
q37,small,8,off,1.0,1.0,1.0
q37,small,8,on,1.0,1.0,1.0
q37,large,3,off,1.0,1.0,1.0
q37,large,3,on,1.0,1.0,1.0
q37,large,8,off,1.0,1.0,1.0
q37,large,8,on,1.0,1.0,1.0
q38,small,3,off,1.0,1.0,1.0
q38,small,3,on,1.0,1.0,1.0
q38,small,8,off,1.0,1.0,1.0
q38,small,8,on,1.0,1.0,1.0
q38,large,3,off,1.0,1.0,1.0
q38,large,3,on,1.0,1.0,1.0
q38,large,8,off,1.0,1.0,1.0
q38,large,8,on,1.0,1.0,1.0
q39,small,3,off,1.0,1.0,1.0
q39,small,3,on,1.0,1.0,1.0
q39,small,8,off,1.0,1.0,1.0
q39,small,8,on,1.0,1.0,1.0
q39,large,3,off,1.0,1.0,1.0
q39,large,3,on,1.0,1.0,1.0
q39,large,8,off,1.0,1.0,1.0
q39,large,8,on,1.0,1.0,1.0
q40,small,3,off,1.0,1.0,1.0
q40,small,3,on,1.0,0.3333333333333333,0.5
q40,small,8,off,1.0,1.0,1.0
q40,small,8,on,1.0,0.3333333333333333,0.5
q40,large,3,off,1.0,1.0,1.0
q40,large,3,on,1.0,1.0,1.0
q40,large,8,off,1.0,1.0,1.0
q40,large,8,on,1.0,1.0,1.0
